Date,Value
"1 Feb, 2018",30
"2 Feb, 2018",15
"3 Feb, 2018",40
"4 Feb, 2018",24
"5 Feb, 2018",11
"6 Feb, 2018",8
"7 Feb, 2018",36
"8 Feb, 2018",30
"9 Feb, 2018",44
"10 Feb, 2018",54
"11 Feb, 2018",31
"12 Feb, 2018",42
"13 Feb, 2018",35
"14 Feb, 2018",55
"15 Feb, 2018",71
"16 Feb, 2018",67
"17 Feb, 2018",74
"18 Feb, 2018",63
"19 Feb, 2018",67
"20 Feb, 2018",74
"21 Feb, 2018",54
"22 Feb, 2018",44
"23 Feb, 2018",39
"24 Feb, 2018",31
"25 Feb, 2018",33
"26 Feb, 2018",37
"27 Feb, 2018",44
"28 Feb, 2018",41
"1 Mar, 2018",38
"2 Mar, 2018",47
"3 Mar, 2018",56
"4 Mar, 2018",44
"5 Mar, 2018",55
"6 Mar, 2018",59
"7 Mar, 2018",37
"8 Mar, 2018",39
"9 Mar, 2018",37
"10 Mar, 2018",39
"11 Mar, 2018",40
"12 Mar, 2018",41
"13 Mar, 2018",41
"14 Mar, 2018",40
"15 Mar, 2018",32
"16 Mar, 2018",33
"17 Mar, 2018",31
"18 Mar, 2018",29
"19 Mar, 2018",29
"20 Mar, 2018",37
"21 Mar, 2018",36
"22 Mar, 2018",36
"23 Mar, 2018",28
"24 Mar, 2018",32
"25 Mar, 2018",30
"26 Mar, 2018",31
"27 Mar, 2018",24
"28 Mar, 2018",24
"29 Mar, 2018",18
"30 Mar, 2018",12
"31 Mar, 2018",16
"1 Apr, 2018",16
"2 Apr, 2018",11
"3 Apr, 2018",22
"4 Apr, 2018",22
"5 Apr, 2018",17
"6 Apr, 2018",19
"7 Apr, 2018",20
"8 Apr, 2018",17
"9 Apr, 2018",21
"10 Apr, 2018",18
"11 Apr, 2018",20
"12 Apr, 2018",18
"13 Apr, 2018",23
"17 Apr, 2018",26
"18 Apr, 2018",24
"19 Apr, 2018",25
"20 Apr, 2018",26
"21 Apr, 2018",32
"22 Apr, 2018",31
"23 Apr, 2018",28
"24 Apr, 2018",29
"25 Apr, 2018",64
"26 Apr, 2018",47
"27 Apr, 2018",55
"28 Apr, 2018",54
"29 Apr, 2018",61
"30 Apr, 2018",59
"1 May, 2018",56
"2 May, 2018",52
"3 May, 2018",55
"4 May, 2018",56
"5 May, 2018",63
"6 May, 2018",67
"7 May, 2018",56
"8 May, 2018",62
"9 May, 2018",53
"10 May, 2018",63
"11 May, 2018",41
"12 May, 2018",44
"13 May, 2018",40
"14 May, 2018",40
"15 May, 2018",40
"16 May, 2018",32
"17 May, 2018",31
"18 May, 2018",37
"19 May, 2018",31
"20 May, 2018",32
"21 May, 2018",41
"22 May, 2018",30
"23 May, 2018",26
"24 May, 2018",27
"25 May, 2018",25
"26 May, 2018",23
"27 May, 2018",19
"28 May, 2018",22
"29 May, 2018",16
"30 May, 2018",38
"31 May, 2018",25
"1 Jun, 2018",24
"2 Jun, 2018",27
"3 Jun, 2018",40
"4 Jun, 2018",41
"5 Jun, 2018",26
"6 Jun, 2018",42
"7 Jun, 2018",38
"8 Jun, 2018",40
"9 Jun, 2018",39
"10 Jun, 2018",24
"11 Jun, 2018",15
"12 Jun, 2018",19
"13 Jun, 2018",19
"14 Jun, 2018",17
"15 Jun, 2018",26
"16 Jun, 2018",22
"17 Jun, 2018",23
"18 Jun, 2018",27
"19 Jun, 2018",32
"20 Jun, 2018",34
"21 Jun, 2018",37
"22 Jun, 2018",28
"23 Jun, 2018",17
"24 Jun, 2018",15
"25 Jun, 2018",16
"26 Jun, 2018",21
"27 Jun, 2018",18
"28 Jun, 2018",20
"29 Jun, 2018",16
"30 Jun, 2018",22
"1 Jul, 2018",27
"2 Jul, 2018",27
"3 Jul, 2018",31
"4 Jul, 2018",33
"5 Jul, 2018",37
"6 Jul, 2018",34
"7 Jul, 2018",34
"8 Jul, 2018",38
"9 Jul, 2018",39
"10 Jul, 2018",37
"11 Jul, 2018",29
"12 Jul, 2018",33
"13 Jul, 2018",29
"14 Jul, 2018",29
"15 Jul, 2018",32
"16 Jul, 2018",36
"17 Jul, 2018",39
"18 Jul, 2018",42
"19 Jul, 2018",44
"20 Jul, 2018",47
"21 Jul, 2018",43
"22 Jul, 2018",46
"23 Jul, 2018",44
"24 Jul, 2018",49
"25 Jul, 2018",54
"26 Jul, 2018",53
"27 Jul, 2018",47
"28 Jul, 2018",54
"29 Jul, 2018",54
"30 Jul, 2018",53
"31 Jul, 2018",48
"1 Aug, 2018",39
"2 Aug, 2018",39
"3 Aug, 2018",36
"4 Aug, 2018",31
"5 Aug, 2018",23
"6 Aug, 2018",25
"7 Aug, 2018",25
"8 Aug, 2018",23
"9 Aug, 2018",19
"10 Aug, 2018",21
"11 Aug, 2018",18
"12 Aug, 2018",18
"13 Aug, 2018",21
"14 Aug, 2018",16
"15 Aug, 2018",18
"16 Aug, 2018",21
"17 Aug, 2018",19
"18 Aug, 2018",24
"19 Aug, 2018",27
"20 Aug, 2018",26
"21 Aug, 2018",19
"22 Aug, 2018",21
"23 Aug, 2018",18
"24 Aug, 2018",19
"25 Aug, 2018",22
"26 Aug, 2018",19
"27 Aug, 2018",18
"28 Aug, 2018",19
"29 Aug, 2018",19
"30 Aug, 2018",22
"31 Aug, 2018",17
"1 Sep, 2018",21
"2 Sep, 2018",18
"3 Sep, 2018",19
"4 Sep, 2018",26
"5 Sep, 2018",17
"6 Sep, 2018",14
"7 Sep, 2018",17
"8 Sep, 2018",18
"9 Sep, 2018",13
"10 Sep, 2018",15
"11 Sep, 2018",18
"12 Sep, 2018",14
"13 Sep, 2018",20
"14 Sep, 2018",23
"15 Sep, 2018",24
"16 Sep, 2018",28
"17 Sep, 2018",25
"18 Sep, 2018",21
"19 Sep, 2018",24
"20 Sep, 2018",24
"21 Sep, 2018",31
"22 Sep, 2018",35
"23 Sep, 2018",38
"24 Sep, 2018",43
"25 Sep, 2018",37
"26 Sep, 2018",37
"27 Sep, 2018",42
"28 Sep, 2018",42
"29 Sep, 2018",37
"30 Sep, 2018",34
"1 Oct, 2018",35
"2 Oct, 2018",33
"3 Oct, 2018",36
"4 Oct, 2018",29
"5 Oct, 2018",37
"6 Oct, 2018",34
"7 Oct, 2018",29
"8 Oct, 2018",26
"9 Oct, 2018",31
"10 Oct, 2018",28
"11 Oct, 2018",19
"12 Oct, 2018",13
"13 Oct, 2018",15
"14 Oct, 2018",18
"15 Oct, 2018",20
"16 Oct, 2018",24
"17 Oct, 2018",23
"18 Oct, 2018",26
"19 Oct, 2018",24
"20 Oct, 2018",21
"21 Oct, 2018",21
"22 Oct, 2018",27
"23 Oct, 2018",24
"24 Oct, 2018",23
"25 Oct, 2018",25
"26 Oct, 2018",29
"27 Oct, 2018",33
"28 Oct, 2018",35
"29 Oct, 2018",34
"30 Oct, 2018",31
"31 Oct, 2018",32
"1 Nov, 2018",29
"2 Nov, 2018",36
"3 Nov, 2018",36
"4 Nov, 2018",41
"5 Nov, 2018",42
"6 Nov, 2018",42
"7 Nov, 2018",48
"8 Nov, 2018",51
"9 Nov, 2018",47
"10 Nov, 2018",52
"11 Nov, 2018",54
"12 Nov, 2018",52
"13 Nov, 2018",56
"14 Nov, 2018",49
"15 Nov, 2018",28
"16 Nov, 2018",23
"17 Nov, 2018",24
"18 Nov, 2018",26
"19 Nov, 2018",28
"20 Nov, 2018",21
"21 Nov, 2018",15
"22 Nov, 2018",14
"23 Nov, 2018",12
"24 Nov, 2018",15
"25 Nov, 2018",9
"26 Nov, 2018",17
"27 Nov, 2018",11
"28 Nov, 2018",14
"29 Nov, 2018",18
"30 Nov, 2018",19
"1 Dec, 2018",13
"2 Dec, 2018",15
"3 Dec, 2018",17
"4 Dec, 2018",12
"5 Dec, 2018",19
"6 Dec, 2018",13
"7 Dec, 2018",11
"8 Dec, 2018",11
"9 Dec, 2018",14
"10 Dec, 2018",19
"11 Dec, 2018",15
"12 Dec, 2018",14
"13 Dec, 2018",14
"14 Dec, 2018",10
"15 Dec, 2018",11
"16 Dec, 2018",13
"17 Dec, 2018",17
"18 Dec, 2018",23
"19 Dec, 2018",21
"20 Dec, 2018",27
"21 Dec, 2018",35
"22 Dec, 2018",28
"23 Dec, 2018",31
"24 Dec, 2018",25
"25 Dec, 2018",33
"26 Dec, 2018",26
"27 Dec, 2018",29
"28 Dec, 2018",21
"29 Dec, 2018",24
"30 Dec, 2018",23
"31 Dec, 2018",26
"1 Jan, 2019",24
"2 Jan, 2019",30
"3 Jan, 2019",33
"4 Jan, 2019",48
"5 Jan, 2019",36
"6 Jan, 2019",31
"7 Jan, 2019",39
"8 Jan, 2019",39
"9 Jan, 2019",42
"10 Jan, 2019",37
"11 Jan, 2019",19
"12 Jan, 2019",22
"13 Jan, 2019",21
"14 Jan, 2019",16
"15 Jan, 2019",27
"16 Jan, 2019",24
"17 Jan, 2019",28
"18 Jan, 2019",29
"19 Jan, 2019",31
"20 Jan, 2019",35
"21 Jan, 2019",30
"22 Jan, 2019",27
"23 Jan, 2019",33
"24 Jan, 2019",37
"25 Jan, 2019",35
"26 Jan, 2019",41
"27 Jan, 2019",39
"28 Jan, 2019",35
"29 Jan, 2019",21
"30 Jan, 2019",22
"31 Jan, 2019",17
"1 Feb, 2019",23
"2 Feb, 2019",22
"3 Feb, 2019",19
"4 Feb, 2019",27
"5 Feb, 2019",21
"6 Feb, 2019",14
"7 Feb, 2019",18
"8 Feb, 2019",37
"9 Feb, 2019",42
"10 Feb, 2019",40
"11 Feb, 2019",46
"12 Feb, 2019",38
"13 Feb, 2019",48
"14 Feb, 2019",48
"15 Feb, 2019",43
"16 Feb, 2019",43
"17 Feb, 2019",38
"18 Feb, 2019",63
"19 Feb, 2019",65
"20 Feb, 2019",59
"21 Feb, 2019",59
"22 Feb, 2019",61
"23 Feb, 2019",63
"24 Feb, 2019",69
"25 Feb, 2019",47
"26 Feb, 2019",40
"27 Feb, 2019",39
"28 Feb, 2019",39
"1 Mar, 2019",42
"2 Mar, 2019",41
"3 Mar, 2019",44
"4 Mar, 2019",36
"5 Mar, 2019",35
"6 Mar, 2019",42
"7 Mar, 2019",56
"8 Mar, 2019",54
"9 Mar, 2019",55
"10 Mar, 2019",55
"11 Mar, 2019",56
"12 Mar, 2019",56
"13 Mar, 2019",54
"14 Mar, 2019",55
"15 Mar, 2019",55
"16 Mar, 2019",54
"17 Mar, 2019",58
"18 Mar, 2019",56
"19 Mar, 2019",56
"20 Mar, 2019",55
"21 Mar, 2019",62
"22 Mar, 2019",56
"23 Mar, 2019",50
"24 Mar, 2019",44
"25 Mar, 2019",46
"26 Mar, 2019",43
"27 Mar, 2019",44
"28 Mar, 2019",49
"29 Mar, 2019",50
"30 Mar, 2019",57
"31 Mar, 2019",56
"1 Apr, 2019",62
"2 Apr, 2019",60
"3 Apr, 2019",71
"4 Apr, 2019",61
"5 Apr, 2019",59
"6 Apr, 2019",65
"7 Apr, 2019",69
"8 Apr, 2019",65
"9 Apr, 2019",64
"10 Apr, 2019",62
"11 Apr, 2019",65
"12 Apr, 2019",42
"13 Apr, 2019",62
"14 Apr, 2019",51
"15 Apr, 2019",60
"16 Apr, 2019",50
"17 Apr, 2019",61
"18 Apr, 2019",64
"19 Apr, 2019",61
"20 Apr, 2019",62
"21 Apr, 2019",62
"22 Apr, 2019",61
"23 Apr, 2019",68
"24 Apr, 2019",65
"25 Apr, 2019",58
"26 Apr, 2019",41
"27 Apr, 2019",42
"28 Apr, 2019",40
"29 Apr, 2019",42
"30 Apr, 2019",42
"1 May, 2019",51
"2 May, 2019",50
"3 May, 2019",63
"4 May, 2019",66
"5 May, 2019",67
"6 May, 2019",57
"7 May, 2019",69
"8 May, 2019",63
"9 May, 2019",69
"10 May, 2019",71
"11 May, 2019",76
"12 May, 2019",75
"13 May, 2019",78
"14 May, 2019",78
"15 May, 2019",77
"16 May, 2019",75
"17 May, 2019",65
"18 May, 2019",67
"19 May, 2019",70
"20 May, 2019",73
"21 May, 2019",68
"22 May, 2019",69
"23 May, 2019",65
"24 May, 2019",64
"25 May, 2019",69
"26 May, 2019",67
"27 May, 2019",70
"28 May, 2019",71
"29 May, 2019",71
"30 May, 2019",73
"31 May, 2019",61
"1 Jun, 2019",62
"2 Jun, 2019",63
"3 Jun, 2019",66
"4 Jun, 2019",42
"5 Jun, 2019",27
"6 Jun, 2019",34
"7 Jun, 2019",27
"8 Jun, 2019",62
"9 Jun, 2019",62
"10 Jun, 2019",46
"11 Jun, 2019",61
"12 Jun, 2019",60
"13 Jun, 2019",63
"14 Jun, 2019",67
"15 Jun, 2019",75
"16 Jun, 2019",80
"17 Jun, 2019",84
"18 Jun, 2019",83
"19 Jun, 2019",82
"20 Jun, 2019",81
"21 Jun, 2019",84
"22 Jun, 2019",83
"23 Jun, 2019",84
"24 Jun, 2019",80
"25 Jun, 2019",87
"26 Jun, 2019",95
"27 Jun, 2019",92
"28 Jun, 2019",62
"29 Jun, 2019",74
"30 Jun, 2019",78
"1 Jul, 2019",65
"2 Jul, 2019",63
"3 Jul, 2019",79
"4 Jul, 2019",76
"5 Jul, 2019",67
"6 Jul, 2019",72
"7 Jul, 2019",67
"8 Jul, 2019",74
"9 Jul, 2019",84
"10 Jul, 2019",83
"11 Jul, 2019",62
"12 Jul, 2019",33
"13 Jul, 2019",65
"14 Jul, 2019",61
"15 Jul, 2019",16
"16 Jul, 2019",34
"17 Jul, 2019",19
"18 Jul, 2019",40
"19 Jul, 2019",42
"20 Jul, 2019",34
"21 Jul, 2019",42
"22 Jul, 2019",42
"23 Jul, 2019",40
"24 Jul, 2019",20
"25 Jul, 2019",42
"26 Jul, 2019",24
"27 Jul, 2019",47
"28 Jul, 2019",16
"29 Jul, 2019",19
"30 Jul, 2019",22
"31 Jul, 2019",31
"1 Aug, 2019",57
"2 Aug, 2019",61
"3 Aug, 2019",61
"4 Aug, 2019",62
"5 Aug, 2019",64
"6 Aug, 2019",66
"7 Aug, 2019",45
"8 Aug, 2019",61
"9 Aug, 2019",60
"10 Aug, 2019",59
"11 Aug, 2019",45
"12 Aug, 2019",48
"13 Aug, 2019",45
"14 Aug, 2019",11
"15 Aug, 2019",13
"16 Aug, 2019",31
"17 Aug, 2019",20
"18 Aug, 2019",14
"19 Aug, 2019",30
"20 Aug, 2019",39
"21 Aug, 2019",11
"22 Aug, 2019",5
"23 Aug, 2019",33
"24 Aug, 2019",39
"25 Aug, 2019",33
"26 Aug, 2019",41
"27 Aug, 2019",30
"28 Aug, 2019",32
"29 Aug, 2019",20
"30 Aug, 2019",24
"31 Aug, 2019",20
"1 Sep, 2019",24
"2 Sep, 2019",28
"3 Sep, 2019",41
"4 Sep, 2019",43
"5 Sep, 2019",41
"6 Sep, 2019",43
"7 Sep, 2019",39
"8 Sep, 2019",43
"9 Sep, 2019",41
"10 Sep, 2019",41
"11 Sep, 2019",38
"12 Sep, 2019",39
"13 Sep, 2019",38
"14 Sep, 2019",39
"15 Sep, 2019",38
"16 Sep, 2019",38
"17 Sep, 2019",41
"18 Sep, 2019",38
"19 Sep, 2019",31
"20 Sep, 2019",41
"21 Sep, 2019",37
"22 Sep, 2019",37
"23 Sep, 2019",41
"24 Sep, 2019",39
"25 Sep, 2019",15
"26 Sep, 2019",12
"27 Sep, 2019",24
"28 Sep, 2019",32
"29 Sep, 2019",33
"30 Sep, 2019",27
"1 Oct, 2019",38
"2 Oct, 2019",39
"3 Oct, 2019",37
"4 Oct, 2019",30
"5 Oct, 2019",31
"6 Oct, 2019",32
"7 Oct, 2019",27
"8 Oct, 2019",39
"9 Oct, 2019",37
"10 Oct, 2019",41
"11 Oct, 2019",39
"12 Oct, 2019",38
"13 Oct, 2019",38
"14 Oct, 2019",37
"15 Oct, 2019",39
"16 Oct, 2019",40
"17 Oct, 2019",40
"18 Oct, 2019",40
"19 Oct, 2019",41
"20 Oct, 2019",37
"21 Oct, 2019",37
"22 Oct, 2019",39
"23 Oct, 2019",33
"24 Oct, 2019",20
"25 Oct, 2019",24
"26 Oct, 2019",53
"27 Oct, 2019",50
"28 Oct, 2019",52
"29 Oct, 2019",54
"30 Oct, 2019",53
"31 Oct, 2019",50
"1 Nov, 2019",49
"2 Nov, 2019",51
"3 Nov, 2019",56
"4 Nov, 2019",49
"5 Nov, 2019",54
"6 Nov, 2019",53
"7 Nov, 2019",54
"8 Nov, 2019",42
"9 Nov, 2019",38
"10 Nov, 2019",39
"11 Nov, 2019",40
"12 Nov, 2019",39
"13 Nov, 2019",38
"14 Nov, 2019",41
"15 Nov, 2019",38
"16 Nov, 2019",41
"17 Nov, 2019",38
"18 Nov, 2019",38
"19 Nov, 2019",32
"20 Nov, 2019",32
"21 Nov, 2019",30
"22 Nov, 2019",20
"23 Nov, 2019",23
"24 Nov, 2019",21
"25 Nov, 2019",17
"26 Nov, 2019",21
"27 Nov, 2019",20
"28 Nov, 2019",32
"29 Nov, 2019",31
"30 Nov, 2019",38
"1 Dec, 2019",25
"2 Dec, 2019",28
"3 Dec, 2019",28
"4 Dec, 2019",24
"5 Dec, 2019",21
"6 Dec, 2019",29
"7 Dec, 2019",32
"8 Dec, 2019",28
"9 Dec, 2019",32
"10 Dec, 2019",26
"11 Dec, 2019",20
"12 Dec, 2019",23
"13 Dec, 2019",22
"14 Dec, 2019",27
"15 Dec, 2019",21
"16 Dec, 2019",24
"17 Dec, 2019",23
"18 Dec, 2019",15
"19 Dec, 2019",21
"20 Dec, 2019",23
"21 Dec, 2019",23
"22 Dec, 2019",20
"23 Dec, 2019",33
"24 Dec, 2019",25
"25 Dec, 2019",22
"26 Dec, 2019",39
"27 Dec, 2019",38
"28 Dec, 2019",37
"29 Dec, 2019",37
"30 Dec, 2019",40
"31 Dec, 2019",38
"1 Jan, 2020",37
"2 Jan, 2020",39
"3 Jan, 2020",38
"4 Jan, 2020",38
"5 Jan, 2020",39
"6 Jan, 2020",41
"7 Jan, 2020",40
"8 Jan, 2020",51
"9 Jan, 2020",44
"10 Jan, 2020",41
"11 Jan, 2020",50
"12 Jan, 2020",45
"13 Jan, 2020",49
"14 Jan, 2020",56
"15 Jan, 2020",54
"16 Jan, 2020",55
"17 Jan, 2020",54
"18 Jan, 2020",51
"19 Jan, 2020",53
"20 Jan, 2020",48
"21 Jan, 2020",49
"22 Jan, 2020",52
"23 Jan, 2020",49
"24 Jan, 2020",40
"25 Jan, 2020",41
"26 Jan, 2020",42
"27 Jan, 2020",50
"28 Jan, 2020",54
"29 Jan, 2020",57
"30 Jan, 2020",57
"31 Jan, 2020",55
"1 Feb, 2020",57
"2 Feb, 2020",57
"3 Feb, 2020",59
"4 Feb, 2020",56
"5 Feb, 2020",53
"6 Feb, 2020",61
"7 Feb, 2020",56
"8 Feb, 2020",56
"9 Feb, 2020",56
"10 Feb, 2020",57
"11 Feb, 2020",52
"12 Feb, 2020",61
"13 Feb, 2020",65
"14 Feb, 2020",63
"15 Feb, 2020",64
"16 Feb, 2020",59
"17 Feb, 2020",49
"18 Feb, 2020",53
"19 Feb, 2020",50
"20 Feb, 2020",44
"21 Feb, 2020",44
"22 Feb, 2020",43
"23 Feb, 2020",46
"24 Feb, 2020",46
"25 Feb, 2020",44
"26 Feb, 2020",41
"27 Feb, 2020",39
"28 Feb, 2020",40
"29 Feb, 2020",38
"1 Mar, 2020",39
"2 Mar, 2020",38
"3 Mar, 2020",38
"4 Mar, 2020",40
"5 Mar, 2020",41
"6 Mar, 2020",39
"7 Mar, 2020",38
"8 Mar, 2020",33
"9 Mar, 2020",17
"10 Mar, 2020",16
"11 Mar, 2020",17
"12 Mar, 2020",14
"13 Mar, 2020",10
"14 Mar, 2020",8
"15 Mar, 2020",12
"16 Mar, 2020",9
"17 Mar, 2020",8
"18 Mar, 2020",11
"19 Mar, 2020",12
"20 Mar, 2020",9
"21 Mar, 2020",9
"22 Mar, 2020",11
"23 Mar, 2020",10
"24 Mar, 2020",12
"25 Mar, 2020",13
"26 Mar, 2020",14
"27 Mar, 2020",12
"28 Mar, 2020",8
"29 Mar, 2020",12
"30 Mar, 2020",10
"31 Mar, 2020",12
"1 Apr, 2020",12
"2 Apr, 2020",14
"3 Apr, 2020",14
"4 Apr, 2020",12
"5 Apr, 2020",12
"6 Apr, 2020",12
"7 Apr, 2020",20
"8 Apr, 2020",21
"9 Apr, 2020",22
"10 Apr, 2020",15
"11 Apr, 2020",15
"12 Apr, 2020",10
"13 Apr, 2020",11
"14 Apr, 2020",15
"15 Apr, 2020",18
"16 Apr, 2020",13
"17 Apr, 2020",15
"18 Apr, 2020",18
"19 Apr, 2020",16
"20 Apr, 2020",15
"21 Apr, 2020",17
"22 Apr, 2020",19
"23 Apr, 2020",19
"24 Apr, 2020",20
"25 Apr, 2020",24
"26 Apr, 2020",21
"27 Apr, 2020",28
"28 Apr, 2020",26
"29 Apr, 2020",26
"30 Apr, 2020",44
"1 May, 2020",40
"2 May, 2020",40
"3 May, 2020",45
"4 May, 2020",44
"5 May, 2020",40
"6 May, 2020",42
"7 May, 2020",49
"8 May, 2020",55
"9 May, 2020",56
"10 May, 2020",48
"11 May, 2020",40
"12 May, 2020",39
"13 May, 2020",41
"14 May, 2020",40
"15 May, 2020",44
"16 May, 2020",41
"17 May, 2020",40
"18 May, 2020",50
"19 May, 2020",50
"20 May, 2020",52
"21 May, 2020",49
"22 May, 2020",42
"23 May, 2020",40
"24 May, 2020",43
"25 May, 2020",41
"26 May, 2020",39
"27 May, 2020",39
"28 May, 2020",41
"29 May, 2020",48
"30 May, 2020",48
"31 May, 2020",51
"1 Jun, 2020",50
"2 Jun, 2020",56
"3 Jun, 2020",48
"4 Jun, 2020",54
"5 Jun, 2020",53
"6 Jun, 2020",54
"7 Jun, 2020",54
"8 Jun, 2020",53
"9 Jun, 2020",52
"10 Jun, 2020",54
"11 Jun, 2020",52
"12 Jun, 2020",38
"13 Jun, 2020",38
"14 Jun, 2020",40
"15 Jun, 2020",37
"16 Jun, 2020",39
"17 Jun, 2020",38
"18 Jun, 2020",40
"19 Jun, 2020",39
"20 Jun, 2020",38
"21 Jun, 2020",37
"22 Jun, 2020",38
"23 Jun, 2020",41
"24 Jun, 2020",50
"25 Jun, 2020",43
"26 Jun, 2020",40
"27 Jun, 2020",43
"28 Jun, 2020",40
"29 Jun, 2020",41
"30 Jun, 2020",44
"1 Jul, 2020",42
"2 Jul, 2020",42
"3 Jul, 2020",41
"4 Jul, 2020",40
"5 Jul, 2020",38
"6 Jul, 2020",40
"7 Jul, 2020",43
"8 Jul, 2020",44
"9 Jul, 2020",44
"10 Jul, 2020",41
"11 Jul, 2020",44
"12 Jul, 2020",41
"13 Jul, 2020",43
"14 Jul, 2020",43
"15 Jul, 2020",44
"16 Jul, 2020",43
"17 Jul, 2020",41
"18 Jul, 2020",44
"19 Jul, 2020",41
"20 Jul, 2020",44
"21 Jul, 2020",44
"22 Jul, 2020",50
"23 Jul, 2020",55
"24 Jul, 2020",53
"25 Jul, 2020",55
"26 Jul, 2020",55
"27 Jul, 2020",58
"28 Jul, 2020",76
"29 Jul, 2020",71
"30 Jul, 2020",76
"31 Jul, 2020",75
"1 Aug, 2020",75
"2 Aug, 2020",80
"3 Aug, 2020",75
"4 Aug, 2020",72
"5 Aug, 2020",75
"6 Aug, 2020",79
"7 Aug, 2020",77
"8 Aug, 2020",77
"9 Aug, 2020",79
"10 Aug, 2020",78
"11 Aug, 2020",84
"12 Aug, 2020",75
"13 Aug, 2020",75
"14 Aug, 2020",78
"15 Aug, 2020",79
"16 Aug, 2020",82
"17 Aug, 2020",83
"18 Aug, 2020",82
"19 Aug, 2020",80
"20 Aug, 2020",75
"21 Aug, 2020",81
"22 Aug, 2020",78
"23 Aug, 2020",76
"24 Aug, 2020",78
"25 Aug, 2020",75
"26 Aug, 2020",76
"27 Aug, 2020",75
"28 Aug, 2020",74
"29 Aug, 2020",79
"30 Aug, 2020",75
"31 Aug, 2020",75
"1 Sep, 2020",75
"2 Sep, 2020",83
"3 Sep, 2020",79
"4 Sep, 2020",40
"5 Sep, 2020",41
"6 Sep, 2020",41
"7 Sep, 2020",41
"8 Sep, 2020",41
"9 Sep, 2020",38
"10 Sep, 2020",38
"11 Sep, 2020",41
"12 Sep, 2020",41
"13 Sep, 2020",38
"14 Sep, 2020",39
"15 Sep, 2020",47
"16 Sep, 2020",43
"17 Sep, 2020",48
"18 Sep, 2020",49
"19 Sep, 2020",48
"20 Sep, 2020",52
"21 Sep, 2020",48
"22 Sep, 2020",39
"23 Sep, 2020",43
"24 Sep, 2020",39
"25 Sep, 2020",46
"26 Sep, 2020",45
"27 Sep, 2020",47
"28 Sep, 2020",43
"29 Sep, 2020",45
"30 Sep, 2020",49
"1 Oct, 2020",45
"2 Oct, 2020",41
"3 Oct, 2020",40
"4 Oct, 2020",42
"5 Oct, 2020",42
"6 Oct, 2020",47
"7 Oct, 2020",43
"8 Oct, 2020",46
"9 Oct, 2020",48
"10 Oct, 2020",53
"11 Oct, 2020",55
"12 Oct, 2020",52
"13 Oct, 2020",56
"14 Oct, 2020",53
"15 Oct, 2020",56
"16 Oct, 2020",52
"17 Oct, 2020",56
"18 Oct, 2020",55
"19 Oct, 2020",55
"20 Oct, 2020",56
"21 Oct, 2020",61
"22 Oct, 2020",73
"23 Oct, 2020",74
"24 Oct, 2020",73
"25 Oct, 2020",76
"26 Oct, 2020",75
"27 Oct, 2020",61
"28 Oct, 2020",70
"29 Oct, 2020",67
"30 Oct, 2020",74
"31 Oct, 2020",73
"1 Nov, 2020",72
"2 Nov, 2020",71
"3 Nov, 2020",71
"4 Nov, 2020",74
"5 Nov, 2020",72
"6 Nov, 2020",90
"7 Nov, 2020",88
"8 Nov, 2020",82
"9 Nov, 2020",90
"10 Nov, 2020",90
"11 Nov, 2020",86
"12 Nov, 2020",87
"13 Nov, 2020",89
"14 Nov, 2020",90
"15 Nov, 2020",86
"16 Nov, 2020",90
"17 Nov, 2020",86
"18 Nov, 2020",91
"19 Nov, 2020",94
"20 Nov, 2020",86
"21 Nov, 2020",91
"22 Nov, 2020",94
"23 Nov, 2020",90
"24 Nov, 2020",88
"25 Nov, 2020",94
"26 Nov, 2020",93
"27 Nov, 2020",86
"28 Nov, 2020",87
"29 Nov, 2020",89
"30 Nov, 2020",88
"1 Dec, 2020",95
"2 Dec, 2020",92
"3 Dec, 2020",92
"4 Dec, 2020",92
"5 Dec, 2020",93
"6 Dec, 2020",95
"7 Dec, 2020",94
"8 Dec, 2020",95
"9 Dec, 2020",86
"10 Dec, 2020",94
"11 Dec, 2020",89
"12 Dec, 2020",90
"13 Dec, 2020",91
"14 Dec, 2020",95
"15 Dec, 2020",91
"16 Dec, 2020",92
"17 Dec, 2020",92
"18 Dec, 2020",95
"19 Dec, 2020",93
"20 Dec, 2020",92
"21 Dec, 2020",92
"22 Dec, 2020",88
"23 Dec, 2020",93
"24 Dec, 2020",86
"25 Dec, 2020",94
"26 Dec, 2020",93
"27 Dec, 2020",91
"28 Dec, 2020",92
"29 Dec, 2020",91
"30 Dec, 2020",91
"31 Dec, 2020",95
"1 Jan, 2021",94
"2 Jan, 2021",94
"3 Jan, 2021",93
"4 Jan, 2021",94
"5 Jan, 2021",93
"6 Jan, 2021",95
"7 Jan, 2021",91
"8 Jan, 2021",93
"9 Jan, 2021",93
"10 Jan, 2021",94
"11 Jan, 2021",90
"12 Jan, 2021",84
"13 Jan, 2021",78
"14 Jan, 2021",83
"15 Jan, 2021",88
"16 Jan, 2021",84
"17 Jan, 2021",79
"18 Jan, 2021",79
"19 Jan, 2021",80
"20 Jan, 2021",78
"21 Jan, 2021",75
"22 Jan, 2021",40
"23 Jan, 2021",74
"24 Jan, 2021",70
"25 Jan, 2021",74
"26 Jan, 2021",71
"27 Jan, 2021",78
"28 Jan, 2021",55
"29 Jan, 2021",77
"30 Jan, 2021",76
"31 Jan, 2021",78
"1 Feb, 2021",77
"2 Feb, 2021",76
"3 Feb, 2021",78
"4 Feb, 2021",80
"5 Feb, 2021",81
"6 Feb, 2021",84
"7 Feb, 2021",86
"8 Feb, 2021",83
"9 Feb, 2021",95
"10 Feb, 2021",92
"11 Feb, 2021",93
"12 Feb, 2021",92
"13 Feb, 2021",92
"14 Feb, 2021",95
"15 Feb, 2021",93
"16 Feb, 2021",95
"17 Feb, 2021",95
"18 Feb, 2021",91
"19 Feb, 2021",93
"20 Feb, 2021",91
"21 Feb, 2021",91
"22 Feb, 2021",94
"23 Feb, 2021",94
"24 Feb, 2021",76
"25 Feb, 2021",79
"26 Feb, 2021",55
"27 Feb, 2021",56
"28 Feb, 2021",55
"1 Mar, 2021",38
"2 Mar, 2021",78
"3 Mar, 2021",78
"4 Mar, 2021",84
"5 Mar, 2021",77
"6 Mar, 2021",77
"7 Mar, 2021",76
"8 Mar, 2021",81
"9 Mar, 2021",81
"10 Mar, 2021",68
"11 Mar, 2021",73
"12 Mar, 2021",70
"13 Mar, 2021",74
"14 Mar, 2021",78
"15 Mar, 2021",76
"16 Mar, 2021",71
"17 Mar, 2021",71
"18 Mar, 2021",72
"19 Mar, 2021",71
"20 Mar, 2021",75
"21 Mar, 2021",73
"22 Mar, 2021",70
"23 Mar, 2021",66
"24 Mar, 2021",65
"25 Mar, 2021",60
"26 Mar, 2021",54
"27 Mar, 2021",65
"28 Mar, 2021",74
"29 Mar, 2021",72
"30 Mar, 2021",72
"31 Mar, 2021",76
"1 Apr, 2021",74
"2 Apr, 2021",74
"3 Apr, 2021",73
"4 Apr, 2021",74
"5 Apr, 2021",71
"6 Apr, 2021",75
"7 Apr, 2021",72
"8 Apr, 2021",73
"9 Apr, 2021",70
"10 Apr, 2021",70
"11 Apr, 2021",76
"12 Apr, 2021",74
"13 Apr, 2021",74
"14 Apr, 2021",75
"15 Apr, 2021",79
"16 Apr, 2021",78
"17 Apr, 2021",76
"18 Apr, 2021",79
"19 Apr, 2021",74
"20 Apr, 2021",73
"21 Apr, 2021",73
"22 Apr, 2021",65
"23 Apr, 2021",55
"24 Apr, 2021",37
"25 Apr, 2021",31
"26 Apr, 2021",27
"27 Apr, 2021",50
"28 Apr, 2021",59
"29 Apr, 2021",52
"30 Apr, 2021",51
"1 May, 2021",68
"2 May, 2021",66
"3 May, 2021",61
"4 May, 2021",68
"5 May, 2021",48
"6 May, 2021",65
"7 May, 2021",64
"8 May, 2021",67
"9 May, 2021",73
"10 May, 2021",72
"11 May, 2021",61
"12 May, 2021",68
"13 May, 2021",31
"14 May, 2021",26
"15 May, 2021",27
"16 May, 2021",20
"17 May, 2021",27
"18 May, 2021",21
"19 May, 2021",23
"20 May, 2021",11
"21 May, 2021",19
"22 May, 2021",12
"23 May, 2021",14
"24 May, 2021",10
"25 May, 2021",22
"26 May, 2021",22
"27 May, 2021",27
"28 May, 2021",21
"29 May, 2021",18
"30 May, 2021",10
"31 May, 2021",18
"1 Jun, 2021",20
"2 Jun, 2021",23
"3 Jun, 2021",24
"4 Jun, 2021",27
"5 Jun, 2021",24
"6 Jun, 2021",17
"7 Jun, 2021",15
"8 Jun, 2021",13
"9 Jun, 2021",14
"10 Jun, 2021",21
"11 Jun, 2021",21
"12 Jun, 2021",28
"13 Jun, 2021",23
"14 Jun, 2021",28
"15 Jun, 2021",38
"16 Jun, 2021",33
"17 Jun, 2021",26
"18 Jun, 2021",25
"19 Jun, 2021",23
"20 Jun, 2021",21
"21 Jun, 2021",23
"22 Jun, 2021",10
"23 Jun, 2021",14
"24 Jun, 2021",22
"25 Jun, 2021",27
"26 Jun, 2021",20
"27 Jun, 2021",22
"28 Jun, 2021",25
"29 Jun, 2021",25
"30 Jun, 2021",28
"1 Jul, 2021",28
"2 Jul, 2021",21
"3 Jul, 2021",24
"4 Jul, 2021",27
"5 Jul, 2021",29
"6 Jul, 2021",20
"7 Jul, 2021",28
"8 Jul, 2021",20
"9 Jul, 2021",20
"10 Jul, 2021",20
"11 Jul, 2021",20
"12 Jul, 2021",25
"13 Jul, 2021",20
"14 Jul, 2021",21
"15 Jul, 2021",20
"16 Jul, 2021",22
"17 Jul, 2021",15
"18 Jul, 2021",19
"19 Jul, 2021",24
"20 Jul, 2021",19
"21 Jul, 2021",10
"22 Jul, 2021",21
"23 Jul, 2021",23
"24 Jul, 2021",22
"25 Jul, 2021",27
"26 Jul, 2021",26
"27 Jul, 2021",32
"28 Jul, 2021",50
"29 Jul, 2021",50
"30 Jul, 2021",53
"31 Jul, 2021",60
"1 Aug, 2021",60
"2 Aug, 2021",48
"3 Aug, 2021",48
"4 Aug, 2021",42
"5 Aug, 2021",50
"6 Aug, 2021",52
"7 Aug, 2021",69
"8 Aug, 2021",74
"9 Aug, 2021",65
"10 Aug, 2021",71
"11 Aug, 2021",70
"12 Aug, 2021",70
"13 Aug, 2021",70
"14 Aug, 2021",76
"15 Aug, 2021",71
"16 Aug, 2021",72
"17 Aug, 2021",72
"18 Aug, 2021",73
"19 Aug, 2021",70
"20 Aug, 2021",70
"21 Aug, 2021",78
"22 Aug, 2021",76
"23 Aug, 2021",79
"24 Aug, 2021",79
"25 Aug, 2021",73
"26 Aug, 2021",75
"27 Aug, 2021",71
"28 Aug, 2021",78
"29 Aug, 2021",72
"30 Aug, 2021",73
"31 Aug, 2021",73
"1 Sep, 2021",71
"2 Sep, 2021",74
"3 Sep, 2021",74
"4 Sep, 2021",72
"5 Sep, 2021",73
"6 Sep, 2021",79
"7 Sep, 2021",79
"8 Sep, 2021",47
"9 Sep, 2021",45
"10 Sep, 2021",46
"11 Sep, 2021",31
"12 Sep, 2021",32
"13 Sep, 2021",44
"14 Sep, 2021",30
"15 Sep, 2021",49
"16 Sep, 2021",53
"17 Sep, 2021",48
"18 Sep, 2021",50
"19 Sep, 2021",53
"20 Sep, 2021",50
"21 Sep, 2021",27
"22 Sep, 2021",21
"23 Sep, 2021",27
"24 Sep, 2021",33
"25 Sep, 2021",28
"26 Sep, 2021",27
"27 Sep, 2021",26
"28 Sep, 2021",25
"29 Sep, 2021",24
"30 Sep, 2021",20
"1 Oct, 2021",27
"2 Oct, 2021",54
"3 Oct, 2021",49
"4 Oct, 2021",54
"5 Oct, 2021",59
"6 Oct, 2021",68
"7 Oct, 2021",76
"8 Oct, 2021",74
"9 Oct, 2021",72
"10 Oct, 2021",71
"11 Oct, 2021",71
"12 Oct, 2021",78
"13 Oct, 2021",70
"14 Oct, 2021",70
"15 Oct, 2021",71
"16 Oct, 2021",78
"17 Oct, 2021",79
"18 Oct, 2021",78
"19 Oct, 2021",75
"20 Oct, 2021",82
"21 Oct, 2021",84
"22 Oct, 2021",75
"23 Oct, 2021",74
"24 Oct, 2021",73
"25 Oct, 2021",72
"26 Oct, 2021",76
"27 Oct, 2021",73
"28 Oct, 2021",66
"29 Oct, 2021",70
"30 Oct, 2021",73
"31 Oct, 2021",74
"1 Nov, 2021",74
"2 Nov, 2021",73
"3 Nov, 2021",76
"4 Nov, 2021",73
"5 Nov, 2021",73
"6 Nov, 2021",71
"7 Nov, 2021",73
"8 Nov, 2021",75
"9 Nov, 2021",84
"10 Nov, 2021",75
"11 Nov, 2021",77
"12 Nov, 2021",74
"13 Nov, 2021",72
"14 Nov, 2021",74
"15 Nov, 2021",72
"16 Nov, 2021",71
"17 Nov, 2021",52
"18 Nov, 2021",54
"19 Nov, 2021",34
"20 Nov, 2021",43
"21 Nov, 2021",49
"22 Nov, 2021",50
"23 Nov, 2021",33
"24 Nov, 2021",42
"25 Nov, 2021",32
"26 Nov, 2021",47
"27 Nov, 2021",21
"28 Nov, 2021",27
"29 Nov, 2021",33
"30 Nov, 2021",40
"1 Dec, 2021",34
"2 Dec, 2021",32
"3 Dec, 2021",31
"4 Dec, 2021",25
"5 Dec, 2021",18
"6 Dec, 2021",16
"7 Dec, 2021",25
"8 Dec, 2021",28
"9 Dec, 2021",29
"10 Dec, 2021",24
"11 Dec, 2021",16
"12 Dec, 2021",27
"13 Dec, 2021",28
"14 Dec, 2021",21
"15 Dec, 2021",28
"16 Dec, 2021",29
"17 Dec, 2021",23
"18 Dec, 2021",24
"19 Dec, 2021",29
"20 Dec, 2021",25
"21 Dec, 2021",27
"22 Dec, 2021",45
"23 Dec, 2021",34
"24 Dec, 2021",41
"25 Dec, 2021",39
"26 Dec, 2021",37
"27 Dec, 2021",40
"28 Dec, 2021",41
"29 Dec, 2021",27
"30 Dec, 2021",22
"31 Dec, 2021",28
"1 Jan, 2022",21
"2 Jan, 2022",29
"3 Jan, 2022",29
"4 Jan, 2022",23
"5 Jan, 2022",24
"6 Jan, 2022",15
"7 Jan, 2022",18
"8 Jan, 2022",10
"9 Jan, 2022",23
"10 Jan, 2022",23
"11 Jan, 2022",21
"12 Jan, 2022",22
"13 Jan, 2022",21
"14 Jan, 2022",21
"15 Jan, 2022",23
"16 Jan, 2022",21
"17 Jan, 2022",22
"18 Jan, 2022",24
"19 Jan, 2022",24
"20 Jan, 2022",24
"21 Jan, 2022",19
"22 Jan, 2022",13
"23 Jan, 2022",11
"24 Jan, 2022",13
"25 Jan, 2022",12
"26 Jan, 2022",23
"27 Jan, 2022",20
"28 Jan, 2022",24
"29 Jan, 2022",24
"30 Jan, 2022",29
"31 Jan, 2022",20
"1 Feb, 2022",26
"2 Feb, 2022",28
"3 Feb, 2022",20
"4 Feb, 2022",20
"5 Feb, 2022",33
"6 Feb, 2022",37
"7 Feb, 2022",45
"8 Feb, 2022",48
"9 Feb, 2022",54
"10 Feb, 2022",50
"11 Feb, 2022",50
"12 Feb, 2022",44
"13 Feb, 2022",44
"14 Feb, 2022",46
"15 Feb, 2022",46
"16 Feb, 2022",51
"17 Feb, 2022",52
"18 Feb, 2022",30
"19 Feb, 2022",25
"20 Feb, 2022",27
"21 Feb, 2022",25
"22 Feb, 2022",20
"23 Feb, 2022",25
"24 Feb, 2022",23
"25 Feb, 2022",27
"26 Feb, 2022",26
"27 Feb, 2022",26
"28 Feb, 2022",20
"1 Mar, 2022",51
"2 Mar, 2022",52
"3 Mar, 2022",39
"4 Mar, 2022",33
"5 Mar, 2022",22
"6 Mar, 2022",22
"7 Mar, 2022",23
"8 Mar, 2022",21
"9 Mar, 2022",22
"10 Mar, 2022",28
"11 Mar, 2022",22
"12 Mar, 2022",22
"13 Mar, 2022",21
"14 Mar, 2022",23
"15 Mar, 2022",21
"16 Mar, 2022",24
"17 Mar, 2022",27
"18 Mar, 2022",25
"19 Mar, 2022",28
"20 Mar, 2022",31
"21 Mar, 2022",30
"22 Mar, 2022",26
"23 Mar, 2022",31
"24 Mar, 2022",40
"25 Mar, 2022",47
"26 Mar, 2022",51
"27 Mar, 2022",49
"28 Mar, 2022",60
"29 Mar, 2022",56
"30 Mar, 2022",55
"31 Mar, 2022",52
"1 Apr, 2022",50
"2 Apr, 2022",52
"3 Apr, 2022",48
"4 Apr, 2022",52
"5 Apr, 2022",53
"6 Apr, 2022",48
"7 Apr, 2022",34
"8 Apr, 2022",37
"9 Apr, 2022",30
"10 Apr, 2022",34
"11 Apr, 2022",32
"12 Apr, 2022",20
"13 Apr, 2022",25
"14 Apr, 2022",28
"15 Apr, 2022",22
"16 Apr, 2022",28
"17 Apr, 2022",28
"18 Apr, 2022",24
"19 Apr, 2022",27
"20 Apr, 2022",27
"21 Apr, 2022",27
"22 Apr, 2022",26
"23 Apr, 2022",24
"24 Apr, 2022",24
"25 Apr, 2022",23
"26 Apr, 2022",27
"27 Apr, 2022",21
"28 Apr, 2022",24
"29 Apr, 2022",23
"30 Apr, 2022",20
"1 May, 2022",22
"2 May, 2022",28
"3 May, 2022",27
"4 May, 2022",21
"5 May, 2022",27
"6 May, 2022",22
"7 May, 2022",23
"8 May, 2022",18
"9 May, 2022",11
"10 May, 2022",10
"11 May, 2022",12
"12 May, 2022",12
"13 May, 2022",10
"14 May, 2022",9
"15 May, 2022",10
"16 May, 2022",14
"17 May, 2022",8
"18 May, 2022",12
"19 May, 2022",13
"20 May, 2022",13
"21 May, 2022",13
"22 May, 2022",14
"23 May, 2022",10
"24 May, 2022",12
"25 May, 2022",11
"26 May, 2022",12
"27 May, 2022",12
"28 May, 2022",13
"29 May, 2022",14
"30 May, 2022",10
"31 May, 2022",16
"1 Jun, 2022",17
"2 Jun, 2022",13
"3 Jun, 2022",10
"4 Jun, 2022",14
"5 Jun, 2022",10
"6 Jun, 2022",13
"7 Jun, 2022",15
"8 Jun, 2022",17
"9 Jun, 2022",11
"10 Jun, 2022",13
"11 Jun, 2022",12
"12 Jun, 2022",14
"13 Jun, 2022",11
"14 Jun, 2022",8
"15 Jun, 2022",7
"16 Jun, 2022",7
"17 Jun, 2022",9
"18 Jun, 2022",6
"19 Jun, 2022",6
"20 Jun, 2022",9
"21 Jun, 2022",9
"22 Jun, 2022",11
"23 Jun, 2022",11
"24 Jun, 2022",11
"25 Jun, 2022",14
"26 Jun, 2022",14
"27 Jun, 2022",12
"28 Jun, 2022",10
"29 Jun, 2022",13
"30 Jun, 2022",11
"1 Jul, 2022",11
"2 Jul, 2022",14
"3 Jul, 2022",11
"4 Jul, 2022",14
"5 Jul, 2022",19
"6 Jul, 2022",18
"7 Jul, 2022",18
"8 Jul, 2022",20
"9 Jul, 2022",24
"10 Jul, 2022",24
"11 Jul, 2022",22
"12 Jul, 2022",16
"13 Jul, 2022",15
"14 Jul, 2022",18
"15 Jul, 2022",15
"16 Jul, 2022",21
"17 Jul, 2022",24
"18 Jul, 2022",20
"19 Jul, 2022",30
"20 Jul, 2022",31
"21 Jul, 2022",34
"22 Jul, 2022",33
"23 Jul, 2022",31
"24 Jul, 2022",30
"25 Jul, 2022",30
"26 Jul, 2022",26
"27 Jul, 2022",28
"28 Jul, 2022",32
"29 Jul, 2022",39
"30 Jul, 2022",42
"31 Jul, 2022",39
"1 Aug, 2022",33
"2 Aug, 2022",31
"3 Aug, 2022",34
"4 Aug, 2022",30
"5 Aug, 2022",31
"6 Aug, 2022",31
"7 Aug, 2022",30
"8 Aug, 2022",30
"9 Aug, 2022",42
"10 Aug, 2022",31
"11 Aug, 2022",41
"12 Aug, 2022",42
"13 Aug, 2022",46
"14 Aug, 2022",47
"15 Aug, 2022",45
"16 Aug, 2022",44
"17 Aug, 2022",41
"18 Aug, 2022",30
"19 Aug, 2022",33
"20 Aug, 2022",29
"21 Aug, 2022",27
"22 Aug, 2022",29
"23 Aug, 2022",28
"24 Aug, 2022",25
"25 Aug, 2022",25
"26 Aug, 2022",27
"27 Aug, 2022",28
"28 Aug, 2022",28
"29 Aug, 2022",24
"30 Aug, 2022",27
"31 Aug, 2022",23
"1 Sep, 2022",20
"2 Sep, 2022",25
"3 Sep, 2022",21
"4 Sep, 2022",20
"5 Sep, 2022",23
"6 Sep, 2022",22
"7 Sep, 2022",24
"8 Sep, 2022",20
"9 Sep, 2022",22
"10 Sep, 2022",28
"11 Sep, 2022",26
"12 Sep, 2022",25
"13 Sep, 2022",34
"14 Sep, 2022",27
"15 Sep, 2022",28
"16 Sep, 2022",20
"17 Sep, 2022",22
"18 Sep, 2022",27
"19 Sep, 2022",21
"20 Sep, 2022",23
"21 Sep, 2022",23
"22 Sep, 2022",22
"23 Sep, 2022",20
"24 Sep, 2022",24
"25 Sep, 2022",24
"26 Sep, 2022",21
"27 Sep, 2022",20
"28 Sep, 2022",20
"29 Sep, 2022",22
"30 Sep, 2022",21
"1 Oct, 2022",20
"2 Oct, 2022",24
"3 Oct, 2022",24
"4 Oct, 2022",20
"5 Oct, 2022",25
"6 Oct, 2022",26
"7 Oct, 2022",23
"8 Oct, 2022",24
"9 Oct, 2022",22
"10 Oct, 2022",22
"11 Oct, 2022",24
"12 Oct, 2022",20
"13 Oct, 2022",20
"14 Oct, 2022",24
"15 Oct, 2022",24
"16 Oct, 2022",24
"17 Oct, 2022",20
"18 Oct, 2022",22
"19 Oct, 2022",23
"20 Oct, 2022",23
"21 Oct, 2022",23
"22 Oct, 2022",20
"23 Oct, 2022",23
"24 Oct, 2022",22
"25 Oct, 2022",20
"26 Oct, 2022",33
"27 Oct, 2022",32
"28 Oct, 2022",30
"29 Oct, 2022",34
"30 Oct, 2022",34
"31 Oct, 2022",31
"1 Nov, 2022",30
"2 Nov, 2022",30
"3 Nov, 2022",30
"4 Nov, 2022",30
"5 Nov, 2022",38
"6 Nov, 2022",40
"7 Nov, 2022",33
"8 Nov, 2022",31
"9 Nov, 2022",29
"10 Nov, 2022",22
"11 Nov, 2022",25
"12 Nov, 2022",21
"13 Nov, 2022",22
"14 Nov, 2022",24
"15 Nov, 2022",22
"16 Nov, 2022",23
"17 Nov, 2022",20
"18 Nov, 2022",23
"19 Nov, 2022",23
"20 Nov, 2022",24
"21 Nov, 2022",21
"22 Nov, 2022",22
"23 Nov, 2022",22
"24 Nov, 2022",20
"25 Nov, 2022",20
"26 Nov, 2022",22
"27 Nov, 2022",26
"28 Nov, 2022",28
"29 Nov, 2022",26
"30 Nov, 2022",29
"1 Dec, 2022",27
"2 Dec, 2022",27
"3 Dec, 2022",27
"4 Dec, 2022",26
"5 Dec, 2022",26
"6 Dec, 2022",25
"7 Dec, 2022",29
"8 Dec, 2022",25
"9 Dec, 2022",26
"10 Dec, 2022",27
"11 Dec, 2022",26
"12 Dec, 2022",27
"13 Dec, 2022",27
"14 Dec, 2022",30
"15 Dec, 2022",31
"16 Dec, 2022",29
"17 Dec, 2022",28
"18 Dec, 2022",26
"19 Dec, 2022",29
"20 Dec, 2022",29
"21 Dec, 2022",26
"22 Dec, 2022",28
"23 Dec, 2022",27
"24 Dec, 2022",29
"25 Dec, 2022",29
"26 Dec, 2022",28
"27 Dec, 2022",27
"28 Dec, 2022",28
"29 Dec, 2022",28
"30 Dec, 2022",28
"31 Dec, 2022",25
"1 Jan, 2023",26
"2 Jan, 2023",27
"3 Jan, 2023",26
"4 Jan, 2023",29
"5 Jan, 2023",29
"6 Jan, 2023",26
"7 Jan, 2023",25
"8 Jan, 2023",25
"9 Jan, 2023",25
"10 Jan, 2023",26
"11 Jan, 2023",26
"12 Jan, 2023",30
"13 Jan, 2023",31
"14 Jan, 2023",46
"15 Jan, 2023",52
"16 Jan, 2023",45
"17 Jan, 2023",51
"18 Jan, 2023",52
"19 Jan, 2023",45
"20 Jan, 2023",51
"21 Jan, 2023",53
"22 Jan, 2023",53
"23 Jan, 2023",50
"24 Jan, 2023",52
"25 Jan, 2023",51
"26 Jan, 2023",54
"27 Jan, 2023",55
"28 Jan, 2023",52
"29 Jan, 2023",55
"30 Jan, 2023",61
"31 Jan, 2023",51
"1 Feb, 2023",56
"2 Feb, 2023",60
"3 Feb, 2023",60
"4 Feb, 2023",58
"5 Feb, 2023",58
"6 Feb, 2023",56
"7 Feb, 2023",54
"8 Feb, 2023",58
"9 Feb, 2023",55
"10 Feb, 2023",48
"11 Feb, 2023",49
"12 Feb, 2023",50
"13 Feb, 2023",48
"14 Feb, 2023",50
"15 Feb, 2023",53
"16 Feb, 2023",62
"17 Feb, 2023",61
"18 Feb, 2023",60
"19 Feb, 2023",60
"20 Feb, 2023",58
"21 Feb, 2023",60
"22 Feb, 2023",59
"23 Feb, 2023",56
"24 Feb, 2023",53
"25 Feb, 2023",52
"26 Feb, 2023",51
"27 Feb, 2023",50
"28 Feb, 2023",53
"1 Mar, 2023",50
"2 Mar, 2023",51
"3 Mar, 2023",50
"4 Mar, 2023",50
"5 Mar, 2023",47
"6 Mar, 2023",48
"7 Mar, 2023",49
"8 Mar, 2023",50
"9 Mar, 2023",44
"10 Mar, 2023",34
"11 Mar, 2023",33
"12 Mar, 2023",33
"13 Mar, 2023",49
"14 Mar, 2023",56
"15 Mar, 2023",50
"16 Mar, 2023",52
"17 Mar, 2023",51
"18 Mar, 2023",64
"19 Mar, 2023",63
"20 Mar, 2023",66
"21 Mar, 2023",68
"22 Mar, 2023",62
"23 Mar, 2023",57
"24 Mar, 2023",61
"25 Mar, 2023",64
"26 Mar, 2023",64
"27 Mar, 2023",64
"28 Mar, 2023",59
"29 Mar, 2023",57
"30 Mar, 2023",60
"31 Mar, 2023",63
"1 Apr, 2023",61
"2 Apr, 2023",63
"3 Apr, 2023",63
"4 Apr, 2023",62
"5 Apr, 2023",62
"6 Apr, 2023",63
"7 Apr, 2023",64
"8 Apr, 2023",61
"9 Apr, 2023",61
"10 Apr, 2023",62
"11 Apr, 2023",68
"12 Apr, 2023",65
"13 Apr, 2023",61
"14 Apr, 2023",68
"15 Apr, 2023",68
"16 Apr, 2023",68
"17 Apr, 2023",69
"18 Apr, 2023",58
"19 Apr, 2023",63
"20 Apr, 2023",52
"21 Apr, 2023",50
"22 Apr, 2023",53
"23 Apr, 2023",56
"24 Apr, 2023",53
"25 Apr, 2023",53
"26 Apr, 2023",56
"27 Apr, 2023",59
"28 Apr, 2023",64
"29 Apr, 2023",64
"30 Apr, 2023",60
"1 May, 2023",63
"2 May, 2023",55
"3 May, 2023",64
"4 May, 2023",64
"5 May, 2023",61
"6 May, 2023",60
"7 May, 2023",64
"8 May, 2023",60
"9 May, 2023",51
"10 May, 2023",52
"11 May, 2023",52
"12 May, 2023",49
"13 May, 2023",48
"14 May, 2023",48
"15 May, 2023",50
"16 May, 2023",54
"17 May, 2023",50
"18 May, 2023",51
"19 May, 2023",48
"20 May, 2023",48
"21 May, 2023",52
"22 May, 2023",49
"23 May, 2023",50
"24 May, 2023",50
"25 May, 2023",51
"26 May, 2023",49
"27 May, 2023",48
"28 May, 2023",50
"29 May, 2023",52
"30 May, 2023",51
"31 May, 2023",51
"1 Jun, 2023",52
"2 Jun, 2023",50
"3 Jun, 2023",53
"4 Jun, 2023",52
"5 Jun, 2023",53
"6 Jun, 2023",44
"7 Jun, 2023",53
"8 Jun, 2023",50
"9 Jun, 2023",50
"10 Jun, 2023",49
"11 Jun, 2023",47
"12 Jun, 2023",47
"13 Jun, 2023",45
"14 Jun, 2023",46
"15 Jun, 2023",41
"16 Jun, 2023",47
"17 Jun, 2023",47
"18 Jun, 2023",49
"19 Jun, 2023",47
"20 Jun, 2023",49
"21 Jun, 2023",59
"22 Jun, 2023",65
"23 Jun, 2023",65
"24 Jun, 2023",62
"25 Jun, 2023",64
"26 Jun, 2023",55
"27 Jun, 2023",59
"28 Jun, 2023",62
"29 Jun, 2023",54
"30 Jun, 2023",56
"1 Jul, 2023",59
"2 Jul, 2023",63
"3 Jul, 2023",62
"4 Jul, 2023",64
"5 Jul, 2023",61
"6 Jul, 2023",56
"7 Jul, 2023",55
"8 Jul, 2023",58
"9 Jul, 2023",55
"10 Jul, 2023",56
"11 Jul, 2023",57
"12 Jul, 2023",64
"13 Jul, 2023",57
"14 Jul, 2023",60
"15 Jul, 2023",56
"16 Jul, 2023",57
"17 Jul, 2023",54
"18 Jul, 2023",56
"19 Jul, 2023",50
"20 Jul, 2023",56
"21 Jul, 2023",50
"22 Jul, 2023",52
"23 Jul, 2023",54
"24 Jul, 2023",55
"25 Jul, 2023",50
"26 Jul, 2023",51
"27 Jul, 2023",51
"28 Jul, 2023",52
"29 Jul, 2023",52
"30 Jul, 2023",52
"31 Jul, 2023",50
"1 Aug, 2023",53
"2 Aug, 2023",53
"3 Aug, 2023",52
"4 Aug, 2023",54
"5 Aug, 2023",50
"6 Aug, 2023",49
"7 Aug, 2023",49
"8 Aug, 2023",54
"9 Aug, 2023",50
"10 Aug, 2023",53
"11 Aug, 2023",51
"12 Aug, 2023",54
"13 Aug, 2023",54
"14 Aug, 2023",50
"15 Aug, 2023",53
"16 Aug, 2023",52
"17 Aug, 2023",50
"18 Aug, 2023",37
"19 Aug, 2023",39
"20 Aug, 2023",37
"21 Aug, 2023",38
"22 Aug, 2023",37
"23 Aug, 2023",37
"24 Aug, 2023",41
"25 Aug, 2023",39
"26 Aug, 2023",38
"27 Aug, 2023",38
"28 Aug, 2023",39
"29 Aug, 2023",39
"30 Aug, 2023",49
"31 Aug, 2023",52
"1 Sep, 2023",40
"2 Sep, 2023",39
"3 Sep, 2023",40
"4 Sep, 2023",40
"5 Sep, 2023",40
"6 Sep, 2023",42
"7 Sep, 2023",41
"8 Sep, 2023",46
"9 Sep, 2023",41
"10 Sep, 2023",40
"11 Sep, 2023",40
"12 Sep, 2023",30
"13 Sep, 2023",41
"14 Sep, 2023",45
"15 Sep, 2023",45
"16 Sep, 2023",43
"17 Sep, 2023",46
"18 Sep, 2023",46
"19 Sep, 2023",46
"20 Sep, 2023",47
"21 Sep, 2023",47
"22 Sep, 2023",43
"23 Sep, 2023",47
"24 Sep, 2023",44
"25 Sep, 2023",47
"26 Sep, 2023",46
"27 Sep, 2023",44
"28 Sep, 2023",46
"29 Sep, 2023",48
"30 Sep, 2023",47
"1 Oct, 2023",48
"2 Oct, 2023",50
"3 Oct, 2023",50
"4 Oct, 2023",49
"5 Oct, 2023",48
"6 Oct, 2023",50
"7 Oct, 2023",49
"8 Oct, 2023",50
"9 Oct, 2023",50
"10 Oct, 2023",50
"11 Oct, 2023",47
"12 Oct, 2023",45
"13 Oct, 2023",44
"14 Oct, 2023",47
"15 Oct, 2023",45
"16 Oct, 2023",47
"17 Oct, 2023",52
"18 Oct, 2023",50
"19 Oct, 2023",52
"20 Oct, 2023",53
"21 Oct, 2023",63
"22 Oct, 2023",53
"23 Oct, 2023",53
"24 Oct, 2023",66
"25 Oct, 2023",72
"26 Oct, 2023",71
"27 Oct, 2023",70
"28 Oct, 2023",65
"29 Oct, 2023",72
"30 Oct, 2023",68
"31 Oct, 2023",66
"1 Nov, 2023",66
"2 Nov, 2023",72
"3 Nov, 2023",65
"4 Nov, 2023",68
"5 Nov, 2023",70
"6 Nov, 2023",74
"7 Nov, 2023",68
"8 Nov, 2023",66
"9 Nov, 2023",69
"10 Nov, 2023",70
"11 Nov, 2023",70
"12 Nov, 2023",73
"13 Nov, 2023",72
"14 Nov, 2023",69
"15 Nov, 2023",60
"16 Nov, 2023",70
"17 Nov, 2023",63
"18 Nov, 2023",69
"19 Nov, 2023",66
"20 Nov, 2023",69
"21 Nov, 2023",71
"22 Nov, 2023",62
"23 Nov, 2023",66
"24 Nov, 2023",66
"25 Nov, 2023",73
"26 Nov, 2023",73
"27 Nov, 2023",66
"28 Nov, 2023",68
"29 Nov, 2023",72
"30 Nov, 2023",74
"1 Dec, 2023",71
"2 Dec, 2023",74
"3 Dec, 2023",73
"4 Dec, 2023",74
"5 Dec, 2023",75
"6 Dec, 2023",72
"7 Dec, 2023",72
"8 Dec, 2023",72
"9 Dec, 2023",73
"10 Dec, 2023",74
"11 Dec, 2023",74
"12 Dec, 2023",67
"13 Dec, 2023",65
"14 Dec, 2023",72
"15 Dec, 2023",70
"16 Dec, 2023",67
"17 Dec, 2023",73
"18 Dec, 2023",65
"19 Dec, 2023",73
"20 Dec, 2023",74
"21 Dec, 2023",70
"22 Dec, 2023",74
"23 Dec, 2023",70
"24 Dec, 2023",71
"25 Dec, 2023",73
"26 Dec, 2023",71
"27 Dec, 2023",73
"28 Dec, 2023",73
"29 Dec, 2023",65
"30 Dec, 2023",68
"31 Dec, 2023",67
"1 Jan, 2024",65
"2 Jan, 2024",71
"3 Jan, 2024",70
"4 Jan, 2024",68
"5 Jan, 2024",72
"6 Jan, 2024",70
"7 Jan, 2024",71
"8 Jan, 2024",71
"9 Jan, 2024",76
"10 Jan, 2024",73
"11 Jan, 2024",76
"12 Jan, 2024",71
"13 Jan, 2024",64
"14 Jan, 2024",60
"15 Jan, 2024",52
"16 Jan, 2024",64
"17 Jan, 2024",60
"18 Jan, 2024",63
"19 Jan, 2024",51
"20 Jan, 2024",52
"21 Jan, 2024",56
"22 Jan, 2024",55
"23 Jan, 2024",50
"24 Jan, 2024",48
"25 Jan, 2024",52
"26 Jan, 2024",49
"27 Jan, 2024",55
"28 Jan, 2024",54
"29 Jan, 2024",55
"30 Jan, 2024",61
"31 Jan, 2024",60
"1 Feb, 2024",63
"2 Feb, 2024",63
"3 Feb, 2024",60
"4 Feb, 2024",60
"5 Feb, 2024",60
"6 Feb, 2024",64
"7 Feb, 2024",62
"8 Feb, 2024",66
"9 Feb, 2024",72
"10 Feb, 2024",74
"11 Feb, 2024",71
"12 Feb, 2024",70
"13 Feb, 2024",79
"14 Feb, 2024",74
"15 Feb, 2024",72
"16 Feb, 2024",72
"17 Feb, 2024",76
"18 Feb, 2024",72
"19 Feb, 2024",75
"20 Feb, 2024",72
"21 Feb, 2024",78
"22 Feb, 2024",74
"23 Feb, 2024",76
"24 Feb, 2024",72
"25 Feb, 2024",74
"26 Feb, 2024",72
"27 Feb, 2024",79
"28 Feb, 2024",82
"29 Feb, 2024",80
"1 Mar, 2024",80
"2 Mar, 2024",80
"3 Mar, 2024",83
"4 Mar, 2024",82
"5 Mar, 2024",90
"6 Mar, 2024",75
"7 Mar, 2024",82
"8 Mar, 2024",81
"9 Mar, 2024",84
"10 Mar, 2024",79
"11 Mar, 2024",82
"12 Mar, 2024",81
"13 Mar, 2024",81
"14 Mar, 2024",88
"15 Mar, 2024",83
"16 Mar, 2024",81
"17 Mar, 2024",79
"18 Mar, 2024",77
"19 Mar, 2024",79
"20 Mar, 2024",74
"21 Mar, 2024",78
"22 Mar, 2024",75
"23 Mar, 2024",73
"24 Mar, 2024",74
"25 Mar, 2024",75
"26 Mar, 2024",81
"27 Mar, 2024",83
"28 Mar, 2024",80
"29 Mar, 2024",79
"30 Mar, 2024",75
"31 Mar, 2024",75
"1 Apr, 2024",79
"2 Apr, 2024",79
"3 Apr, 2024",71
"4 Apr, 2024",70
"5 Apr, 2024",79
"6 Apr, 2024",75
"7 Apr, 2024",78
"8 Apr, 2024",76
"9 Apr, 2024",80
"10 Apr, 2024",78
"11 Apr, 2024",76
"12 Apr, 2024",79
"13 Apr, 2024",72
"14 Apr, 2024",72
"15 Apr, 2024",74
"16 Apr, 2024",65
"17 Apr, 2024",67
"18 Apr, 2024",57
"19 Apr, 2024",66
"20 Apr, 2024",66
"21 Apr, 2024",72
"22 Apr, 2024",73
"23 Apr, 2024",71
"24 Apr, 2024",72
"25 Apr, 2024",72
"26 Apr, 2024",70
"27 Apr, 2024",67
"28 Apr, 2024",65
"29 Apr, 2024",67
"30 Apr, 2024",67
"1 May, 2024",54
"2 May, 2024",43
"3 May, 2024",48
"4 May, 2024",67
"5 May, 2024",69
"6 May, 2024",71
"7 May, 2024",68
"8 May, 2024",64
"9 May, 2024",55
"10 May, 2024",66
"11 May, 2024",53
"12 May, 2024",56
"13 May, 2024",57
"14 May, 2024",66
"15 May, 2024",64
"16 May, 2024",70
"17 May, 2024",74
"18 May, 2024",73
"19 May, 2024",72
"20 May, 2024",70
"21 May, 2024",76
"22 May, 2024",76
"23 May, 2024",76
"24 May, 2024",74
"25 May, 2024",76
"26 May, 2024",75
"27 May, 2024",74
"28 May, 2024",72
"29 May, 2024",72
"30 May, 2024",73
"31 May, 2024",73
"1 Jun, 2024",72
"2 Jun, 2024",73
"3 Jun, 2024",73
"4 Jun, 2024",73
"5 Jun, 2024",75
"6 Jun, 2024",78
"7 Jun, 2024",77
"8 Jun, 2024",72
"9 Jun, 2024",75
"10 Jun, 2024",72
"11 Jun, 2024",74
"12 Jun, 2024",72
"13 Jun, 2024",70
"14 Jun, 2024",74
"15 Jun, 2024",74
"16 Jun, 2024",71
"17 Jun, 2024",71
"18 Jun, 2024",74
"19 Jun, 2024",64
"20 Jun, 2024",60
"21 Jun, 2024",63
"22 Jun, 2024",53
"23 Jun, 2024",55
"24 Jun, 2024",51
"25 Jun, 2024",30
"26 Jun, 2024",46
"27 Jun, 2024",40
"28 Jun, 2024",47
"29 Jun, 2024",30
"30 Jun, 2024",47
"1 Jul, 2024",53
"2 Jul, 2024",51
"3 Jul, 2024",50
"4 Jul, 2024",44
"5 Jul, 2024",29
"6 Jul, 2024",26
"7 Jul, 2024",29
"8 Jul, 2024",28
"9 Jul, 2024",27
"10 Jul, 2024",28
"11 Jul, 2024",29
"12 Jul, 2024",25
"13 Jul, 2024",25
"14 Jul, 2024",33
"15 Jul, 2024",52
"16 Jul, 2024",65
"17 Jul, 2024",69
"18 Jul, 2024",61
"19 Jul, 2024",60
"20 Jul, 2024",74
"21 Jul, 2024",74
"22 Jul, 2024",70
"23 Jul, 2024",71
"24 Jul, 2024",69
"25 Jul, 2024",68
"26 Jul, 2024",68
"27 Jul, 2024",72
"28 Jul, 2024",71
"29 Jul, 2024",74
"30 Jul, 2024",67
"31 Jul, 2024",61
"1 Aug, 2024",52
"2 Aug, 2024",57
"3 Aug, 2024",37
"4 Aug, 2024",34
"5 Aug, 2024",26
"6 Aug, 2024",17
"7 Aug, 2024",29
"8 Aug, 2024",20
"9 Aug, 2024",48
"10 Aug, 2024",40
"11 Aug, 2024",39
"12 Aug, 2024",25
"13 Aug, 2024",31
"14 Aug, 2024",30
"15 Aug, 2024",29
"16 Aug, 2024",27
"17 Aug, 2024",25
"18 Aug, 2024",31
"19 Aug, 2024",28
"20 Aug, 2024",30
"21 Aug, 2024",26
"22 Aug, 2024",39
"23 Aug, 2024",34
"24 Aug, 2024",56
"25 Aug, 2024",54
"26 Aug, 2024",55
"27 Aug, 2024",48
"28 Aug, 2024",30
"29 Aug, 2024",29
"30 Aug, 2024",34
"31 Aug, 2024",29
"1 Sep, 2024",26
"2 Sep, 2024",26
"3 Sep, 2024",26
"4 Sep, 2024",27
"5 Sep, 2024",29
"6 Sep, 2024",22
"7 Sep, 2024",23
"8 Sep, 2024",29
"9 Sep, 2024",26
"10 Sep, 2024",33
"11 Sep, 2024",37
"12 Sep, 2024",31
"13 Sep, 2024",32
"14 Sep, 2024",50
"15 Sep, 2024",51
"16 Sep, 2024",39
"17 Sep, 2024",33
"18 Sep, 2024",45
"19 Sep, 2024",49
"20 Sep, 2024",54
"21 Sep, 2024",54
"22 Sep, 2024",52
"23 Sep, 2024",50
"24 Sep, 2024",54
"25 Sep, 2024",59
"26 Sep, 2024",50
"27 Sep, 2024",61
"28 Sep, 2024",64
"29 Sep, 2024",63
"30 Sep, 2024",61
"1 Oct, 2024",50
"2 Oct, 2024",42
"3 Oct, 2024",37
"4 Oct, 2024",41
"5 Oct, 2024",49
"6 Oct, 2024",50
"7 Oct, 2024",50
"8 Oct, 2024",49
"9 Oct, 2024",49
"10 Oct, 2024",39
"11 Oct, 2024",32
"12 Oct, 2024",49
"13 Oct, 2024",50
"14 Oct, 2024",48
"15 Oct, 2024",65
"16 Oct, 2024",73
"17 Oct, 2024",71
"18 Oct, 2024",73
"19 Oct, 2024",72
"20 Oct, 2024",73
"21 Oct, 2024",72
"22 Oct, 2024",70
"23 Oct, 2024",71
"24 Oct, 2024",69
"25 Oct, 2024",72
"27 Oct, 2024",74
"28 Oct, 2024",72
"29 Oct, 2024",72
"30 Oct, 2024",77
"31 Oct, 2024",77
"1 Nov, 2024",75
"2 Nov, 2024",72
"3 Nov, 2024",74
"4 Nov, 2024",70
"5 Nov, 2024",70
"6 Nov, 2024",70
"7 Nov, 2024",77
"8 Nov, 2024",75
"9 Nov, 2024",75
"10 Nov, 2024",78
"11 Nov, 2024",76
"12 Nov, 2024",80
"13 Nov, 2024",84
"14 Nov, 2024",88
"15 Nov, 2024",80
"16 Nov, 2024",86
"17 Nov, 2024",90
"18 Nov, 2024",83
"19 Nov, 2024",90
"20 Nov, 2024",83
"21 Nov, 2024",82
"22 Nov, 2024",94
"23 Nov, 2024",93
"24 Nov, 2024",80
"25 Nov, 2024",82
"26 Nov, 2024",79
"27 Nov, 2024",75
"28 Nov, 2024",77
"29 Nov, 2024",78
"30 Nov, 2024",84
"1 Dec, 2024",81
"2 Dec, 2024",80
"3 Dec, 2024",76
"4 Dec, 2024",78
"5 Dec, 2024",84
"6 Dec, 2024",72
"7 Dec, 2024",75
"8 Dec, 2024",79
"9 Dec, 2024",78
"10 Dec, 2024",78
"11 Dec, 2024",74
"12 Dec, 2024",83
"13 Dec, 2024",76
"14 Dec, 2024",83
"15 Dec, 2024",80
"16 Dec, 2024",83
"17 Dec, 2024",87
"18 Dec, 2024",81
"19 Dec, 2024",75
"20 Dec, 2024",74
"21 Dec, 2024",73
"22 Dec, 2024",73
"23 Dec, 2024",70
"24 Dec, 2024",73
"25 Dec, 2024",73
"26 Dec, 2024",79
"27 Dec, 2024",74
"28 Dec, 2024",72
"29 Dec, 2024",73
"30 Dec, 2024",65
"31 Dec, 2024",64
"1 Jan, 2025",66
"2 Jan, 2025",70
"3 Jan, 2025",74
"4 Jan, 2025",73
"5 Jan, 2025",72
"6 Jan, 2025",76
"7 Jan, 2025",78
"8 Jan, 2025",70
"9 Jan, 2025",69
"10 Jan, 2025",50
"11 Jan, 2025",69
"12 Jan, 2025",62
"13 Jan, 2025",61
"14 Jan, 2025",63
"15 Jan, 2025",70
"16 Jan, 2025",75
"17 Jan, 2025",75
